1,, BANDAI  GU25268  GUNPLA  RE  1-100  DIJEH.png ,4,1
2,, BANDAI  GUN15930  GUNPLA  BB  SINANJU.png ,5,2
3,, BANDAI  GUN28742  GUNPLA  BB  GUNDAM  ASTRAY  SENGOKU.png ,9,3
4,, BANDAI  GUN60583  GUNPLA  SD  CROSS  SILHOUETTE  NIGHTINGALE.png ,2,4
5,, BANDAI  GUN62935  GUNPLA  SD  CROSS  SILHOUETTE  PHENEX  DESTR  NARRATIVE.png ,8,5
6,, BANDAI  GUN086  GUNDAM  GUNPLA  NG  1ST  1  144  GUNDAM  RX-78.png ,3,6
7,, BANDAI  GUN70677  HGBDR  1  144  GUNDAM  GP-RASE-TWO-TEN.png ,4,7
8,, BANDAI  GUN82697  GUNDAM  GUNPLA  HG  1  144  216  UNICORN  GUNDAM  03  PHENEX  DESTROY  MODE  GOLD.png ,9,8
9,, BANDAI  GUNPLA  RG  1  144  ZETA  MSZ-006  GUNDAM.png ,3,9
10,, BANDAI  GUNPLA  RG  1  144  UNICORN  GUNDAM.png ,4,10
11,, BANDAI  GUNPLA  1  100  FULL  MECHANICS  BAEL  GUNDAM.png ,9,11
12,, BANDAI  GUN57025  GUNPLA  1  100  FULL  MECHANICS  BARBATOS  LUPUS  REX  SANS  SOCLE.png ,3,12
13,, BANDAI  BAN82243  GUNPLA  MG  1  100  00  QANT  TRANS-AM  MODE  SPECIAL  COATING.png ,5,13
14,, BANDAI  GUN16188  GUNPLA  MG  1  100  GUNDAM  RX-0  BANSHEE  TITANIUM.png ,9,14
15,, BANDAI  GUN73088  MGEX  1  100  GUNDAM  UNICORN  VER  KA.png ,3,15
16,, BANDAI  GUN55356  GUNPLA  HIRM  1  1OO  GUNDAM  ASTRAY  RED  FRAME  HI  RES  1  100.png ,2,16
17,, BANDAI  GUN66737  GUNPLA  HIRM  1  100  GUNDAM  ASTRAY  NOIR.png ,9,17
18,, BANDAI  GUNPLA  MSM  ZAKU  II  GREEN  GUNDAM.png ,3,18
19,, BANDAI  GUNPLA  MEGASIZE  GUNDAM  UNICORN.png ,9,19
20,, BANDAI  GUN16106  GUNPLA  PG  STRIKE  ROUGE  +  SKYGRASPER.png ,3,20
21,, BANDAI  GUN82392  GUNPLA  PG  GUNDAM  EXIA  KIT  LED.png ,5,21
22,, PACK  DECAL  N°118  MG  1  100  GM  SNIPER  GM  COMMAND.png ,9,22
23,, PACK  DECAL  N°111  RG  1  144  ASTRAY  RED  FRAME.png ,3,23
24,, BANDAI  GUN81428  GUNPLA  HGBC  1  144  SPINNING  BLASTER.png ,5,24
25,, BANDAI  ACTION  BASE  CUSTOMIZE  SCENE  BASE.png ,9,25
26,, Bandai  Tamashii  Double  Base  Transparente.png ,3,26
27, Red , BANDAI  SPIRITS  ENTRY  NIPPER  RED.png ,8,27
28, Blue , BANDAI  SPIRITS  ENTRY  NIPPER  BLUE.png ,6,27
29, White , BANDAI  SPIRITS  ENTRY  NIPPER  WHITE.png ,1,27
30,, VALLEJO  GUN58801  GUNPLA  PRECISION  9PCS.png ,9,28
31,, BANDAI  GUNPLA  MARKER  REAL  TOUCH  2  SET  6  GUNDAM.png ,3,29
32,, BANDAI  GUNPLA  MARKER  SEED  SET  6  GUNDAM.png ,2,30
33,, CLEANING  STATION  WITH  AIRBRUSH  HOLDER.png ,9,31
34,, VALLEJO  DIAMOND  FILE  SET  (5)  100mm.png ,21,32
35,, VALLEJO  EXTRA  FINE  CURVED  TWEEZERS.png ,0,33
36,, VALLEJO  MASKING  TAPE  10mmX18m  -  TWIN  PACK.png ,9,34
37,, VALLEJO  MASKING  TAPE  1mmX18m  -  TWIN  PACK.png ,0,35
38,, VALLEJO  Set  of  3  Flexi  Sanders  Dual-Grit  (80x30x6  mm).png ,8,36
39, Old  Gold , VALLEJO  MECHA  69  060  Old  Gold.png ,6,37
40, Copper , VALLEJO  MECHA  69  061  Copper.png ,0,37
41, Bronze , VALLEJO  MECHA  69  062  Bronze.png ,8,37
42, Steel , VALLEJO  MECHA  69  063  Steel.png ,2,37
43, Light  steel , VALLEJO  MECHA  69  064  Light  Steel.png ,25,37
44, Dark  Steel , VALLEJO  MECHA  69  065  Dark  Steel.png ,8,37
45, Mecha  Matt , VALLEJO  MECHA  69  702  Mecha  Matt  Varnish.png ,0,37
46, Ivory , VALLEJO  MECHA  PRIMER  70  643  Ivory.png ,8,37
47, Pure  White , VALLEJO  MECHA  69  001  Pure  White.png ,30,37
48,, VALLEJO  50012  MODEL  AIR  71172  COLOR  SET  AND  AIRBRUSH.png ,7,38
49,, FENGDA  COMPRESSOR  AS-18-3.png ,0,39
50,, H  S  AIRBRUSH  EVOLUTION  TWO  IN  ONE.png ,8,40
